{
  "title": [
    {
      "pattern": "^(build|ci|docs|feat|fix|perf|refactor|style|test|add|delete):\\s",
      "flags": ["i"],
      "message": "Your title needs to be prefixed with one of the keywords: build,ci,docs,feat,fix,perf,refactor,style,test,add,delete"
    }
  ],
  "body": [
    {
      "pattern": "(JIRA|CLOUDCOE)-\\d{1,4}",
      "flags": ["i"],
      "message": "You need a JIRA or CLOUDCOE ticket in your description"
    },
    {
      "pattern": ".{1,}",
      "message": "You need literally anything in your description"
    }
  ],
  "head.ref": [
    {
      "pattern": "^([a-zA-Z0-9]{4})/",
      "message": "Your branch name is invalid, should be of the pattern LanID/... "
    }
  ]
}
